"title","film_type"
"Virtual Spoilers","recent release"
"South Wait","long duration films"
"Destination Jerk","recent release"
"Dorado Notting","recent release"
"Deep Crusade","recent release"
"Flamingos Connecticut","recent release"
"Straight Hours","long duration films"
"Hope Tootsie","recent release"
"Beach Heartbreakers","recent release"
"Seattle Expecations","recent release"
"Indian Love","recent release"
"Grit Clockwork","long duration films"
"Apollo Teen","recent release"
"Women Dorado","long duration films"
"Chance Resurrection","recent release"
"Brannigan Sunrise","recent release"
"Chitty Lock","long duration films"
"Gentlemen Stage","recent release"
"World Leathernecks","long duration films"
"Bulworth Commandments","recent release"
"Trap Guys","long duration films"
"Knock Warlock","recent release"
"Hall Cassidy","recent release"
"Frisco Forrest","recent release"
"Magic Mallrats","long duration films"
"Agent Truman","recent release"
"Enough Raging","long duration films"
"Ghost Groundhog","recent release"
"Boiled Dares","long duration films"
"Spy Mile","recent release"
"Deceiver Betrayed","recent release"
"Telegraph Voyage","long duration films"
"Sleepy Japanese","long duration films"
"Dares Pluto","recent release"
"South Wait","recent release"
"Lawrence Love","long duration films"
"Jungle Closer","long duration films"
"Remember Diary","recent release"
"Igby Maker","long duration films"
"Tarzan Videotape","recent release"
"October Submarine","recent release"
"Orient Closer","recent release"
"Past Suicides","long duration films"
"Duffel Apocalypse","long duration films"
"Train Bunch","recent release"
"Torque Bound","long duration films"
"Pittsburgh Hunchback","recent release"
"Zoolander Fiction","long duration films"
"Mulan Moon","long duration films"
"Backlash Undefeated","long duration films"
"Vanilla Day","recent release"
"Catch Amistad","long duration films"
"Harry Idaho","long duration films"
"Traffic Hobbit","recent release"
"Midsummer Groundhog","recent release"
"Youth Kick","long duration films"
"Pollock Deliverance","recent release"
"Language Cowboy","recent release"
"Pacific Amistad","recent release"
"School Jacket","long duration films"
"Feud Frogmen","long duration films"
"Christmas Moonshine","long duration films"
"Firehouse Vietnam","recent release"
"Falcon Volume","long duration films"
"Finding Anaconda","recent release"
"Wisdom Worker","recent release"
"Italian African","long duration films"
"Flintstones Happiness","recent release"
"Nuts Ties","recent release"
"Run Pacific","recent release"
"Arachnophobia Rollercoaster","long duration films"
"Whale Bikini","long duration films"
"Doubtfire Labyrinth","recent release"
"Werewolf Lola","recent release"
"Chasing Fight","recent release"
"Horn Working","recent release"
"Mystic Truman","long duration films"
"Blindness Gun","recent release"
"Resurrection Silverado","recent release"
"Velvet Terminator","recent release"
"Platoon Instinct","long duration films"
"Sleepless Monsoon","recent release"
"Detective Vision","recent release"
"Talented Homicide","recent release"
"Name Detective","recent release"
"Manchurian Curtain","recent release"
"Jaws Harry","long duration films"
"Frontier Cabin","recent release"
"Dorado Notting","long duration films"
"Sweethearts Suspects","recent release"
"Valley Packer","recent release"
"Chaplin License","long duration films"
"Sun Confessions","long duration films"
"Redemption Comforts","recent release"
"Peach Innocent","recent release"
"Creepers Kane","long duration films"
"Traffic Hobbit","long duration films"
"Idaho Love","long duration films"
"Illusion Amelie","recent release"
"Graceland Dynamite","recent release"
"Ties Hunger","long duration films"
"Northwest Polish","long duration films"
"Monster Spartacus","recent release"
"Lights Deer","recent release"
"Personal Ladybugs","long duration films"
"Moonwalker Fool","long duration films"
"Coma Head","long duration films"
"Caper Motions","long duration films"
"Primary Glass","recent release"
"Color Philadelphia","long duration films"
"Hate Handicap","recent release"
"Lawrence Love","recent release"
"Lord Arizona","recent release"
"Monterey Labyrinth","long duration films"
"Killer Innocent","recent release"
"Conquerer Nuts","recent release"
"Daddy Pittsburgh","recent release"
"Comancheros Enemy","recent release"
"Chinatown Gladiator","recent release"
"Amistad Midsummer","recent release"
"Spirit Flintstones","long duration films"
"Crystal Breaking","long duration films"
"Steers Armageddon","recent release"
"Scalawag Duck","recent release"
"Cassidy Wyoming","recent release"
"Borrowers Bedazzled","recent release"
"Mulholland Beast","recent release"
"Dynamite Tarzan","recent release"
"Earring Instinct","long duration films"
"Fever Empire","recent release"
"Madison Trap","long duration films"
"Contact Anonymous","recent release"
"Potluck Mixed","recent release"
"Moulin Wake","recent release"
"Records Zorro","long duration films"
"Telemark Heartbreakers","recent release"
"Freaky Pocus","long duration films"
"Liberty Magnificent","long duration films"
"Gangs Pride","long duration films"
"Graduate Lord","recent release"
"Flatliners Killer","long duration films"
"High Encino","recent release"
"United Pilot","long duration films"
"Song Hedwig","long duration films"
"Poseidon Forever","long duration films"
"Magic Mallrats","recent release"
"Chocolat Harry","recent release"
"Conversation Downhill","recent release"
"Darko Dorado","long duration films"
"Spiking Element","recent release"
"Superfly Trip","long duration films"
"Quest Mussolini","long duration films"
"Modern Dorado","recent release"
"Hook Chariots","recent release"
"Moonwalker Fool","recent release"
"Greatest North","long duration films"
"Grapes Fury","long duration films"
"Pianist Outfield","long duration films"
"Peach Innocent","long duration films"
"Opus Ice","long duration films"
"Firehouse Vietnam","long duration films"
"Anything Savannah","recent release"
"Hysterical Grail","long duration films"
"Pearl Destiny","recent release"
"Microcosmos Paradise","recent release"
"Balloon Homeward","recent release"
"Dumbo Lust","long duration films"
"Home Pity","recent release"
"Backlash Undefeated","recent release"
"Chocolat Harry","long duration films"
"Willow Tracy","long duration films"
"Packer Madigan","recent release"
"Blade Polish","long duration films"
"Northwest Polish","recent release"
"Finding Anaconda","long duration films"
"Annie Identity","recent release"
"Operation Operation","long duration films"
"Vampire Whale","recent release"
"Troopers Metal","recent release"
"Doors President","recent release"
"Hunger Roof","recent release"
"Intrigue Worst","recent release"
"Roots Remember","recent release"
"Saturn Name","recent release"
"Bed Highball","recent release"
"Sundance Invasion","recent release"
"Ship Wonderland","recent release"
"Sweden Shining","recent release"
"Attacks Hate","long duration films"
"Goldfinger Sensibility","long duration films"
"Stallion Sundance","recent release"
"Bonnie Holocaust","recent release"
"Siege Madre","recent release"
"Barefoot Manchurian","recent release"
"Lambs Cincinatti","long duration films"
"Star Operation","long duration films"
"Lose Inch","long duration films"
"Savannah Town","recent release"
"Papi Necklace","recent release"
"Beverly Outlaw","recent release"
"Streetcar Intentions","recent release"
"Siege Madre","long duration films"
"Road Roxanne","recent release"
"Ishtar Rocketeer","recent release"
"Videotape Arsenic","long duration films"
"Raging Airplane","recent release"
"Instinct Airport","long duration films"
"Dirty Ace","long duration films"
"Vanishing Rocky","long duration films"
"Lust Lock","recent release"
"Games Bowfinger","long duration films"
"Warlock Werewolf","recent release"
"Runaway Tenenbaums","recent release"
"Harold French","recent release"
"Greatest North","recent release"
"Hanky October","long duration films"
"Excitement Eve","recent release"
"Greek Everyone","long duration films"
"Gathering Calendar","recent release"
"Salute Apollo","recent release"
"Roses Treasure","recent release"
"Worker Tarzan","recent release"
"Shining Roses","recent release"
"Crusade Honey","long duration films"
"Noon Papi","recent release"
"Metal Armageddon","recent release"
"Princess Giant","recent release"
"Core Suit","recent release"
"Slipper Fidelity","long duration films"
"Mermaid Insects","long duration films"
"Rollercoaster Bringing","long duration films"
"Chamber Italian","recent release"
"Hunchback Impossible","recent release"
"Lady Stage","recent release"
"Gilmore Boiled","recent release"
"Hunger Roof","long duration films"
"Rocky War","recent release"
"Gump Date","recent release"
"Elizabeth Shane","recent release"
"Grinch Massage","recent release"
"Texas Watch","recent release"
"Order Betrayed","recent release"
"Vacation Boondock","recent release"
"Snatchers Montezuma","recent release"
"Gables Metropolis","recent release"
"Pittsburgh Hunchback","long duration films"
"Varsity Trip","recent release"
"Calendar Gunfight","long duration films"
"Agent Truman","long duration films"
"Hocus Frida","recent release"
"Rock Instinct","recent release"
"Ladybugs Armageddon","recent release"
"Tramp Others","long duration films"
"Vietnam Smoochy","long duration films"
"Newsies Story","recent release"
"Poseidon Forever","recent release"
"Oscar Gold","long duration films"
"Mosquito Armageddon","recent release"
"Feathers Metal","long duration films"
"Apache Divine","recent release"
"Hanky October","recent release"
"Sorority Queen","long duration films"
"Sinners Atlantis","long duration films"
"Roxanne Rebel","recent release"
"Mission Zoolander","long duration films"
"Encino Elf","long duration films"
"Bilko Anonymous","long duration films"
"Greedy Roots","recent release"
"Walls Artist","long duration films"
"Wait Cider","long duration films"
"Voice Peach","long duration films"
"Slacker Liaisons","long duration films"
"Ending Crowds","recent release"
"Cat Coneheads","recent release"
"Manchurian Curtain","long duration films"
"Charade Duffel","recent release"
"Slums Duck","long duration films"
"Flash Wars","long duration films"
"Prejudice Oleander","long duration films"
"Spirited Casualties","recent release"
"Chisum Behavior","recent release"
"Trouble Date","recent release"
"Flintstones Happiness","long duration films"
"Grail Frankenstein","recent release"
"Mother Oleander","recent release"
"Gilmore Boiled","long duration films"
"Uncut Suicides","long duration films"
"Club Graffiti","recent release"
"Crow Grease","long duration films"
"Panther Reds","recent release"
"Flash Wars","recent release"
"Leathernecks Dwarfs","long duration films"
"Jason Trap","long duration films"
"Barbarella Streetcar","recent release"
"Park Citizen","long duration films"
"Weekend Personal","recent release"
"Racer Egg","recent release"
"Shining Roses","long duration films"
"Date Speed","long duration films"
"Trap Guys","recent release"
"Grosse Wonderful","recent release"
"Volume House","long duration films"
"Anaconda Confessions","recent release"
"Wrath Mile","long duration films"
"Louisiana Harry","recent release"
"Born Spinal","recent release"
"Clyde Theory","long duration films"
"Half Outfield","recent release"
"Seattle Expecations","long duration films"
"Holy Tadpole","recent release"
"Dozen Lion","long duration films"
"Beneath Rush","recent release"
"Apocalypse Flamingos","recent release"
"Dude Blindness","recent release"
"Homicide Peach","long duration films"
"Frankenstein Stranger","recent release"
"Flatliners Killer","recent release"
"Town Ark","long duration films"
"Happiness United","recent release"
"Youth Kick","recent release"
"Zoolander Fiction","recent release"
"Chill Luck","recent release"
"Argonauts Town","recent release"
"Amelie Hellfighters","recent release"
"Trainspotting Strangers","long duration films"
"Maker Gables","recent release"
"Intrigue Worst","long duration films"
"Wrong Behavior","recent release"
"Private Drop","recent release"
"Fiction Christmas","recent release"
"Birds Perdition","recent release"
"Arizona Bang","long duration films"
"Idaho Love","recent release"
"Clockwork Paradise","long duration films"
"State Wasteland","recent release"
"Panic Club","recent release"
"Born Spinal","long duration films"
"Effect Gladiator","recent release"
"Secrets Paradise","long duration films"
"Wake Jaws","recent release"
"Lambs Cincinatti","recent release"
"Anthem Luke","recent release"
"Creatures Shakespeare","recent release"
"Cowboy Doom","recent release"
"Hoosiers Birdcage","long duration films"
"Campus Remember","recent release"
"Catch Amistad","recent release"
"Towers Hurricane","long duration films"
"Punk Divorce","recent release"
"Dude Blindness","long duration films"
"Day Unfaithful","recent release"
"Masked Bubble","recent release"
"Bill Others","recent release"
"Elizabeth Shane","long duration films"
"Necklace Outbreak","recent release"
"Innocent Usual","recent release"
"Invasion Cyclone","long duration films"
"Sky Miracle","recent release"
"Arachnophobia Rollercoaster","recent release"
"Dazed Punk","recent release"
"Kane Exorcist","long duration films"
"Factory Dragon","long duration films"
"Holiday Games","recent release"
"Reds Pocus","long duration films"
"Edge Kissing","long duration films"
"Details Packer","recent release"
"Gentlemen Stage","long duration films"
"Mussolini Spoilers","recent release"
"Won Dares","long duration films"
"West Lion","recent release"
"Mission Zoolander","recent release"
"Madre Gables","recent release"
"Bingo Talented","recent release"
"Hamlet Wisdom","recent release"
"Chainsaw Uptown","recent release"
"Mod Secretary","recent release"
"Cincinatti Whisperer","recent release"
"Jingle Sagebrush","long duration films"
"Trainspotting Strangers","recent release"
"Sons Interview","recent release"
"Seven Swarm","recent release"
"Nightmare Chill","recent release"
"Eagles Panky","recent release"
"Metal Armageddon","long duration films"
"Kramer Chocolate","long duration films"
"Open African","recent release"
"Perdition Fargo","long duration films"
"Reap Unfaithful","recent release"
"Boiled Dares","recent release"
"Shootist Superfly","recent release"
"Minority Kiss","recent release"
"Double Wrath","recent release"
"Clash Freddy","recent release"
"Carol Texas","long duration films"
"Stagecoach Armageddon","recent release"
"Telegraph Voyage","recent release"
"Oklahoma Jumanji","recent release"
"Roxanne Rebel","long duration films"
"Exorcist Sting","recent release"
"Pajama Jawbreaker","recent release"
"Stranger Strangers","long duration films"
"Masked Bubble","long duration films"
"Legally Secretary","recent release"
"Dozen Lion","recent release"
"Killer Innocent","long duration films"
"Image Princess","long duration films"
"Terminator Club","recent release"
"Giant Troopers","recent release"
"State Wasteland","long duration films"
"Jawbreaker Brooklyn","recent release"
"Mine Titans","long duration films"
"Element Freddy","recent release"
"Anaconda Confessions","long duration films"
"Bull Shawshank","recent release"
"Massage Image","recent release"
"Cause Date","long duration films"
"Minds Truman","long duration films"
"Daisy Menagerie","recent release"
"Swarm Gold","long duration films"
"Spice Sorority","recent release"
"Goodfellas Salute","recent release"
"Clueless Bucket","recent release"
"Pinocchio Simon","long duration films"
"Argonauts Town","long duration films"
"Freddy Storm","recent release"
"Gunfighter Mussolini","long duration films"
"Mask Peach","long duration films"
"Comforts Rush","recent release"
"Haunted Antitrust","recent release"
"Madre Gables","long duration films"
"Scarface Bang","recent release"
"Paths Control","long duration films"
"Factory Dragon","recent release"
"Analyze Hoosiers","long duration films"
"Wanda Chamber","recent release"
"Seven Swarm","long duration films"
"Willow Tracy","recent release"
"Satisfaction Confidential","recent release"
"Brooklyn Desert","recent release"
"Cupboard Sinners","recent release"
"Murder Antitrust","long duration films"
"Montezuma Command","long duration films"
"Pulp Beverly","recent release"
"League Hellfighters","recent release"
"Quills Bull","long duration films"
"Married Go","recent release"
"Nash Chocolat","recent release"
"Earring Instinct","recent release"
"Virgin Daisy","recent release"
"Park Citizen","recent release"
"Hardly Robbers","recent release"
"Potter Connecticut","recent release"
"Betrayed Rear","recent release"
"Mulholland Beast","long duration films"
"Spirit Flintstones","recent release"
"Lola Agent","recent release"
"Hours Rage","recent release"
"Bugsy Song","recent release"
"Vanilla Day","long duration films"
"Dalmations Sweden","recent release"
"Pizza Jumanji","long duration films"
"Divorce Shining","recent release"
"Rugrats Shakespeare","recent release"
"Oz Liaisons","recent release"
"Pet Haunting","recent release"
"Alter Victory","recent release"
"Beethoven Exorcist","long duration films"
"Vertigo Northwest","recent release"
"Trading Pinocchio","long duration films"
"Words Hunter","recent release"
"Sorority Queen","recent release"
"Purple Movie","recent release"
"Lose Inch","recent release"
"Guys Falcon","recent release"
"Glory Tracy","recent release"
"Impact Aladdin","long duration films"
"Labyrinth League","recent release"
"Miracle Virtual","recent release"
"Dynamite Tarzan","long duration films"
"Breakfast Goldfinger","recent release"
"Clones Pinocchio","long duration films"
"Million Ace","recent release"
"Magnolia Forrester","recent release"
"Wasteland Divine","recent release"
"Story Side","long duration films"
"Tramp Others","recent release"
"Uprising Uptown","long duration films"
"Lock Rear","long duration films"
"Sagebrush Clueless","recent release"
"Alice Fantasia","long duration films"
"Nemo Campus","recent release"
"Impossible Prejudice","long duration films"
"Beast Hunchback","recent release"
"Massacre Usual","recent release"
"Wrath Mile","recent release"
"Storm Happiness","recent release"
"Blanket Beverly","long duration films"
"Submarine Bed","long duration films"
"Kill Brotherhood","recent release"
"Duck Racer","long duration films"
"Cleopatra Devil","long duration films"
"Feathers Metal","recent release"
"Deer Virginian","long duration films"
"Affair Prejudice","long duration films"
"Daughter Madigan","recent release"
"Kramer Chocolate","recent release"
"Wyoming Storm","long duration films"
"Creatures Shakespeare","long duration films"
"Madness Attacks","long duration films"
"Shane Darkness","recent release"
"Prix Undefeated","recent release"
"Phantom Glory","recent release"
"Oleander Clue","recent release"
"Hotel Happiness","recent release"
"Rocky War","long duration films"
"Reds Pocus","recent release"
"Heaven Freedom","recent release"
"Karate Moon","recent release"
"Monsoon Cause","recent release"
"Easy Gladiator","recent release"
"Rocketeer Mother","long duration films"
"Duck Racer","recent release"
"Requiem Tycoon","long duration films"
"Hamlet Wisdom","long duration films"
"Bingo Talented","long duration films"
"Sunrise League","recent release"
"Velvet Terminator","long duration films"
"Tourist Pelican","long duration films"
"Exorcist Sting","long duration films"
"Model Fish","long duration films"
"Kick Savannah","recent release"
"Hedwig Alter","recent release"
"Monster Spartacus","long duration films"
"Celebrity Horn","recent release"
"Holocaust Highball","long duration films"
"Hunting Musketeers","recent release"
"Usual Untouchables","long duration films"
"Goldfinger Sensibility","recent release"
"Titanic Boondock","long duration films"
"Pinocchio Simon","recent release"
"Stranger Strangers","recent release"
"Horror Reign","long duration films"
"Conspiracy Spirit","long duration films"
"Panic Club","long duration films"
"Walls Artist","recent release"
"Tuxedo Mile","recent release"
"Strangelove Desire","recent release"
"Westward Seabiscuit","recent release"
"Fugitive Maguire","recent release"
"Lovely Jingle","recent release"
"Wife Turn","long duration films"
"Mother Oleander","long duration films"
"Crystal Breaking","recent release"
"Deliverance Mulholland","recent release"
"Gold River","recent release"
"Pure Runner","long duration films"
"Fatal Haunted","recent release"
"Loathing Legally","long duration films"
"Timberland Sky","recent release"
"Crowds Telemark","recent release"
"Stock Glass","long duration films"
"Crazy Home","recent release"
"Dangerous Uptown","long duration films"
"Stone Fire","long duration films"
"Mummy Creatures","recent release"
"Disciple Mother","recent release"
"Hedwig Alter","long duration films"
"Army Flintstones","recent release"
"Magnolia Forrester","long duration films"
"Voyage Legally","recent release"
"Mummy Creatures","long duration films"
"Fargo Gandhi","recent release"
"Gandhi Kwai","recent release"
"Hanging Deep","recent release"
"Heavenly Gun","recent release"
"Chicken Hellfighters","recent release"
"Contact Anonymous","long duration films"
"Sleeping Suspects","recent release"
"Pizza Jumanji","recent release"
"Image Princess","recent release"
"Twisted Pirates","long duration films"
"Money Harold","recent release"
"Gleaming Jawbreaker","recent release"
"Neighbors Charade","long duration films"
"Seabiscuit Punk","long duration films"
"Drums Dynamite","long duration films"
"Rage Games","long duration films"
"Arsenic Independence","long duration films"
"Spartacus Cheaper","recent release"
"Bird Independence","recent release"
"Undefeated Dalmations","long duration films"
"Mockingbird Hollywood","recent release"
"Frida Slipper","recent release"
"Liaisons Sweet","long duration films"
"Ice Crossing","long duration films"
"Suicides Silence","recent release"
"Slacker Liaisons","recent release"
"Cheaper Clyde","recent release"
"Intentions Empire","long duration films"
"Fury Murder","long duration films"
"Snatch Slipper","recent release"
"Spoilers Hellfighters","long duration films"
"Young Language","recent release"
"Others Soup","recent release"
"Creepers Kane","recent release"
"Jawbreaker Brooklyn","long duration films"
"Confidential Interview","recent release"
"Splendor Patton","long duration films"
"Dinosaur Secretary","recent release"
"Vanished Garden","long duration films"
"Pollock Deliverance","long duration films"
"Sleepy Japanese","recent release"
"Something Duck","long duration films"
"Robbers Joon","long duration films"
"Virginian Pluto","long duration films"
"Forever Candidate","long duration films"
"Steel Santa","long duration films"
"Robbery Bright","long duration films"
"Galaxy Sweethearts","long duration films"
"Impact Aladdin","recent release"
"Garden Island","recent release"
"Forward Temple","recent release"
"Vanished Garden","recent release"
"Connecticut Tramp","recent release"
"Frankenstein Stranger","long duration films"
"Range Moonwalker","recent release"
"Troopers Metal","long duration films"
"Dolls Rage","long duration films"
"National Story","recent release"
"African Egg","long duration films"
"Pride Alamo","long duration films"
"Sling Luke","recent release"
"License Weekend","long duration films"
"Oleander Clue","long duration films"
"Hours Rage","long duration films"
"Gaslight Crusade","recent release"
"Groove Fiction","long duration films"
"Reunion Witches","recent release"
"Bubble Grosse","recent release"
"Ballroom Mockingbird","long duration films"
"Stone Fire","recent release"
"Unforgiven Zoolander","recent release"
"Connection Microcosmos","recent release"
"Words Hunter","long duration films"
"Entrapment Satisfaction","recent release"
"Bedazzled Married","recent release"
"Atlantis Cause","recent release"
"Saints Bride","recent release"
"Quest Mussolini","recent release"
"Gone Trouble","recent release"
"Apache Divine","long duration films"
"Dying Maker","recent release"
"Wanda Chamber","long duration films"
"Clerks Angels","long duration films"
"Strangers Graffiti","recent release"
"Shakespeare Saddle","recent release"
"Redemption Comforts","long duration films"
"Silence Kane","recent release"
"Rules Human","long duration films"
"Trojan Tomorrow","recent release"
"Remember Diary","long duration films"
"Hyde Doctor","long duration films"
"Diary Panic","long duration films"
"Gilbert Pelican","long duration films"
"Uptown Young","recent release"
"Smoochy Control","long duration films"
"Casper Dragonfly","long duration films"
"Pirates Roxanne","recent release"
"Cyclone Family","recent release"
"Videotape Arsenic","recent release"
"Gathering Calendar","long duration films"
"Perdition Fargo","recent release"
"Clerks Angels","recent release"
"Star Operation","recent release"
"Divide Monster","recent release"
"Muscle Bright","long duration films"
"Sagebrush Clueless","long duration films"
"Bikini Borrowers","long duration films"
"Saddle Antitrust","recent release"
"Reign Gentlemen","recent release"
"Dogma Family","recent release"
"Lion Uncut","recent release"
"Thin Sagebrush","recent release"
"Runaway Tenenbaums","long duration films"
"Drumline Cyclone","recent release"
"Scissorhands Slums","recent release"
"Luck Opus","long duration films"
"Outlaw Hanky","recent release"
"Kissing Dolls","recent release"
"Butch Panther","recent release"
"Sleuth Orient","recent release"
"Drumline Cyclone","long duration films"
"Control Anthem","recent release"
"Command Darling","recent release"
"Floats Garden","recent release"
"Paycheck Wait","long duration films"
"Speakeasy Date","long duration films"
"Dragon Squad","recent release"
"Shrunk Divine","long duration films"
"River Outlaw","long duration films"
"Nemo Campus","long duration films"
"Fidelity Devil","recent release"
"Secret Groundhog","recent release"
"Rainbow Shock","recent release"
"Hoosiers Birdcage","recent release"
"Madness Attacks","recent release"
"Lonely Elephant","recent release"
"Massacre Usual","long duration films"
"Theory Mermaid","long duration films"
"Vietnam Smoochy","recent release"
"North Tequila","recent release"
"Dirty Ace","recent release"
"Novocaine Flight","recent release"
"Worker Tarzan","long duration films"
"Breaking Home","long duration films"
"Pond Seattle","recent release"
"Dream Pickup","long duration films"
"Shanghai Tycoon","recent release"
"Blackout Private","recent release"
"Saturday Lambs","long duration films"
"Pocus Pulp","long duration films"
"Pet Haunting","long duration films"
"Alley Evolution","long duration films"
"Orient Closer","long duration films"
"Sinners Atlantis","recent release"
"Loathing Legally","recent release"
"Window Side","recent release"
"Sierra Divide","recent release"
"Peak Forever","recent release"
"Seabiscuit Punk","recent release"
"Slums Duck","recent release"
"Grease Youth","recent release"
"Alley Evolution","recent release"
"Horror Reign","recent release"
"Darling Breaking","long duration films"
"Won Dares","recent release"
"Graceland Dynamite","long duration films"
"Bill Others","long duration films"
"Jeopardy Encino","long duration films"
"Confessions Maguire","recent release"
"Vampire Whale","long duration films"
"Million Ace","long duration films"
"Dalmations Sweden","long duration films"
"Independence Hotel","long duration films"
"Outbreak Divine","recent release"
"Texas Watch","long duration films"
"Notorious Reunion","long duration films"
"Juggler Hardly","recent release"
"Desire Alien","recent release"
"Show Lord","long duration films"
"Punk Divorce","long duration films"
"Wild Apollo","long duration films"
"Baby Hall","long duration films"
"Psycho Shrunk","recent release"
"French Holiday","long duration films"
"Elephant Trojan","long duration films"
"Yentl Idaho","recent release"
"Zhivago Core","recent release"
"Madison Trap","recent release"
"Alabama Devil","long duration films"
"Maltese Hope","recent release"
"Alamo Videotape","long duration films"
"Alice Fantasia","recent release"
"Banger Pinocchio","long duration films"
"Desert Poseidon","recent release"
"Hills Neighbors","long duration films"
"Resurrection Silverado","long duration films"
"Hotel Happiness","long duration films"
"Soup Wisdom","long duration films"
"Home Pity","long duration films"
"Loser Hustler","recent release"
"Samurai Lion","long duration films"
"House Dynamite","long duration films"
"Ghostbusters Elf","recent release"
"Squad Fish","long duration films"
"Malkovich Pet","recent release"
"Pianist Outfield","recent release"
"Kwai Homeward","recent release"
"Crusade Honey","recent release"
"Full Flatliners","long duration films"
"Pickup Driving","recent release"
"Oscar Gold","recent release"
"Jeepers Wedding","recent release"
"Betrayed Rear","long duration films"
"Worst Banger","recent release"
"Pocus Pulp","recent release"
"Mallrats United","long duration films"
"Core Suit","long duration films"
"Philadelphia Wife","recent release"
"Mannequin Worst","recent release"
"Watch Tracy","recent release"
"Extraordinary Conquerer","recent release"
"Family Sweet","long duration films"
"Cyclone Family","long duration films"
"Splendor Patton","recent release"
"Caribbean Liberty","recent release"
"Bikini Borrowers","recent release"
"Treasure Command","recent release"
"Fargo Gandhi","long duration films"
"Citizen Shrek","recent release"
"Watership Frontier","long duration films"
"Dracula Crystal","recent release"
"Soldiers Evolution","long duration films"
"Boondock Ballroom","recent release"
"Japanese Run","long duration films"
"Ice Crossing","recent release"
"Clue Grail","recent release"
"Spice Sorority","long duration films"
"Daddy Pittsburgh","long duration films"
"Center Dinosaur","long duration films"
"Submarine Bed","recent release"
"Curtain Videotape","long duration films"
"Moonshine Cabin","long duration films"
"Fellowship Autumn","recent release"
"Feud Frogmen","recent release"
"Prejudice Oleander","recent release"
"Raiders Antitrust","recent release"
"Women Dorado","recent release"
"President Bang","recent release"
"Wind Phantom","long duration films"
"Snowman Rollercoaster","recent release"
"Gunfighter Mussolini","recent release"
"Baked Cleopatra","recent release"
"Elf Murder","long duration films"
"Whale Bikini","recent release"
"Intolerable Intentions","recent release"
"Tadpole Park","recent release"
"American Circus","recent release"
"Hobbit Alien","recent release"
"Lesson Cleopatra","recent release"
"Glory Tracy","long duration films"
"Uncut Suicides","recent release"
"License Weekend","recent release"
"Rouge Squad","recent release"
"Legend Jedi","recent release"
"Kiss Glory","recent release"
"Straight Hours","recent release"
"Italian African","recent release"
"Grease Youth","long duration films"
"Connection Microcosmos","long duration films"
"Circus Youth","recent release"
"Paris Weekend","recent release"
"Conversation Downhill","long duration films"
"Wonka Sea","recent release"
"Tootsie Pilot","recent release"
"Forrester Comancheros","recent release"
"Streak Ridgemont","long duration films"
"Chocolate Duck","recent release"
"Rugrats Shakespeare","long duration films"
"Independence Hotel","recent release"
"Brannigan Sunrise","long duration films"
"Untouchables Sunrise","recent release"
"Dancing Fever","long duration films"
"Drop Waterfront","recent release"
"Lord Arizona","long duration films"
"Valentine Vanishing","recent release"
"Bang Kwai","recent release"
"Angels Life","recent release"
"Shawshank Bubble","recent release"
"Birdcage Casper","recent release"
"Candidate Perdition","recent release"
"Ali Forever","recent release"
"Blindness Gun","long duration films"
"Harper Dying","recent release"
"Clueless Bucket","long duration films"
"Camelot Vacation","recent release"
"Undefeated Dalmations","recent release"
"Fantasy Troopers","recent release"
"Frost Head","recent release"
"Aladdin Calendar","recent release"
"Working Microcosmos","recent release"
"Chitty Lock","recent release"
"Shepherd Midsummer","recent release"
"Love Suicides","recent release"
"Reef Salute","recent release"
"Ali Forever","long duration films"
"Dragon Squad","long duration films"
"Dogma Family","long duration films"
"Rushmore Mermaid","long duration films"
"Monterey Labyrinth","recent release"
"Ties Hunger","recent release"
"Paycheck Wait","recent release"
"Iron Moon","recent release"
"Sweden Shining","long duration films"
"Express Lonely","long duration films"
"Egypt Tenenbaums","recent release"
"Arsenic Independence","recent release"
"Birch Antitrust","long duration films"
"Menagerie Rushmore","long duration films"
"Perfect Groove","recent release"
"Fantasia Park","long duration films"
"Fever Empire","long duration films"
"Jingle Sagebrush","recent release"
"Fight Jawbreaker","long duration films"
"Summer Scarface","recent release"
"Instinct Airport","recent release"
"Suit Walls","recent release"
"Treatment Jekyll","recent release"
"Artist Coldblooded","recent release"
"Galaxy Sweethearts","recent release"
"Early Home","long duration films"
"Jumping Wrath","recent release"
"Chicken Hellfighters","long duration films"
"Squad Fish","recent release"
"Bright Encounters","recent release"
"Army Flintstones","long duration films"
"Towers Hurricane","recent release"
"Rear Trading","long duration films"
"Mob Duffel","long duration films"
"Lucky Flying","recent release"
"Party Knock","recent release"
"Mermaid Insects","recent release"
"Microcosmos Paradise","long duration films"
"Pity Bound","recent release"
"Gangs Pride","recent release"
"Giant Troopers","long duration films"
"Song Hedwig","recent release"
"Autumn Crow","long duration films"
"Intentions Empire","recent release"
"Bugsy Song","long duration films"
"Insects Stone","recent release"
"Lover Truman","recent release"
"Lock Rear","recent release"
"French Holiday","recent release"
"Wait Cider","recent release"
"Fool Mockingbird","long duration films"
"Wagon Jaws","recent release"
"Atlantis Cause","long duration films"
"Haunting Pianist","long duration films"
"Montezuma Command","recent release"
"Usual Untouchables","recent release"
"Mourning Purple","recent release"
"Splash Gump","long duration films"
"Grinch Massage","long duration films"
"Scorpion Apollo","recent release"
"Rear Trading","recent release"
"Craft Outfield","recent release"
"Magnificent Chitty","recent release"
"Durham Panky","long duration films"
"Frogmen Breaking","long duration films"
"Patriot Roman","recent release"
"Clockwork Paradise","recent release"
"Mixed Doors","long duration films"
"Ship Wonderland","long duration films"
"Ghostbusters Elf","long duration films"
"Wife Turn","recent release"
"Lost Bird","long duration films"
"Chasing Fight","long duration films"
"Jedi Beneath","recent release"
"Interview Liaisons","recent release"
"Disturbing Scarface","recent release"
"Sugar Wonka","recent release"
"Darn Forrester","recent release"
"Heavyweights Beast","long duration films"
"Pluto Oleander","recent release"
"Beethoven Exorcist","recent release"
"Freedom Cleopatra","long duration films"
"Wardrobe Phantom","long duration films"
"Bringing Hysterical","recent release"
"Name Detective","long duration films"
"Wolves Desire","recent release"
"Sunrise League","long duration films"
"Scarface Bang","long duration films"
"Dwarfs Alter","recent release"
"Wash Heavenly","long duration films"
"Majestic Floats","long duration films"
"Dancing Fever","recent release"
"Hate Handicap","long duration films"
"Tycoon Gathering","recent release"
"Games Bowfinger","recent release"
"Raging Airplane","long duration films"
"Conquerer Nuts","long duration films"
"Mob Duffel","recent release"
"Silverado Goldfinger","recent release"
"Half Outfield","long duration films"
"Forever Candidate","recent release"
"Attacks Hate","recent release"
"Sea Virgin","recent release"
"Luke Mummy","recent release"
"Badman Dawn","recent release"
"Confidential Interview","long duration films"
"Evolution Alter","long duration films"
"Sunset Racer","recent release"
"Reservoir Adaptation","recent release"
"Virginian Pluto","recent release"
"Majestic Floats","recent release"
"Jeopardy Encino","recent release"
"Panky Submarine","recent release"
"Papi Necklace","long duration films"
"Arizona Bang","recent release"
"Curtain Videotape","recent release"
"Amadeus Holy","recent release"
"Alabama Devil","recent release"
"Random Go","recent release"
"Notting Speakeasy","recent release"
"World Leathernecks","recent release"
"Gilbert Pelican","recent release"
"Pond Seattle","long duration films"
"Fidelity Devil","long duration films"
"Stepmom Dream","recent release"
"Birch Antitrust","recent release"
"Baked Cleopatra","long duration films"
"Virtual Spoilers","long duration films"
"Outlaw Hanky","long duration films"
"Human Graffiti","recent release"
"Casablanca Super","recent release"
"Panther Reds","long duration films"
"United Pilot","recent release"
"Personal Ladybugs","recent release"
"Driving Polish","long duration films"
"Sun Confessions","recent release"
"Jericho Mulan","recent release"
"Attraction Newton","recent release"
"Shrek License","long duration films"
"Patton Interview","long duration films"
"Loverboy Attacks","recent release"
"Lies Treatment","long duration films"
"Network Peak","recent release"
"Color Philadelphia","recent release"
"Married Go","long duration films"
"Fantasia Park","recent release"
"Wizard Coldblooded","recent release"
"Highball Potter","long duration films"
"Shock Cabin","recent release"
"Donnie Alley","long duration films"
"Maude Mod","recent release"
"Banger Pinocchio","recent release"
"Crossing Divorce","recent release"
"Doom Dancing","recent release"
"Miracle Virtual","long duration films"
"Brooklyn Desert","long duration films"
"Villain Desperate","recent release"
"Wyoming Storm","recent release"
"Treasure Command","long duration films"
"Calendar Gunfight","recent release"
"Candles Grapes","recent release"
"Sons Interview","long duration films"
"Midnight Westward","recent release"
"Hustler Party","recent release"
"Snatch Slipper","long duration films"
"Suit Walls","long duration films"
"Sleeping Suspects","long duration films"
"Sundance Invasion","long duration films"
"Groundhog Uncut","recent release"
"Analyze Hoosiers","recent release"
"Moonshine Cabin","recent release"
"Something Duck","recent release"
"Alamo Videotape","recent release"
"Rebel Airport","recent release"
"Pilot Hoosiers","recent release"
"Jersey Sassy","recent release"
"Madigan Dorado","recent release"
"Kentuckian Giant","long duration films"
"Wars Pluto","recent release"
"Dream Pickup","recent release"
"Handicap Boondock","long duration films"
"Jerk Paycheck","long duration films"
"Control Anthem","long duration films"
"Dangerous Uptown","recent release"
"Identity Lover","recent release"
"Igby Maker","recent release"
"Blues Instinct","recent release"
"Strangers Graffiti","long duration films"
"Downhill Enough","recent release"
"Wrong Behavior","long duration films"
"Town Ark","recent release"
"Titanic Boondock","recent release"
"House Dynamite","recent release"
"Notorious Reunion","recent release"
"Music Boondock","long duration films"
"English Bulworth","recent release"
"Tootsie Pilot","long duration films"
"Dragonfly Strangers","recent release"
"Glass Dying","recent release"
"Saints Bride","long duration films"
"Nash Chocolat","long duration films"
"Apollo Teen","long duration films"
"Outfield Massacre","long duration films"
"Loverboy Attacks","long duration films"
"Trip Newton","recent release"
"Menagerie Rushmore","recent release"
"Lesson Cleopatra","long duration films"
"Illusion Amelie","long duration films"
"Room Roman","recent release"
"Bowfinger Gables","recent release"
"Rider Caddyshack","recent release"
"Driver Annie","recent release"
"Jade Bunch","recent release"
"Witches Panic","recent release"
"Paths Control","recent release"
"Deer Virginian","recent release"
"Driver Annie","long duration films"
"Side Ark","recent release"
"Darkness War","recent release"
"Sweet Brotherhood","long duration films"
"Chocolate Duck","long duration films"
"Coneheads Smoochy","recent release"
"Handicap Boondock","recent release"
"Mussolini Spoilers","long duration films"
"Streak Ridgemont","recent release"
"Truman Crazy","long duration films"
"Graduate Lord","long duration films"
"Spoilers Hellfighters","recent release"
"Victory Academy","recent release"
"Braveheart Human","long duration films"
"Encounters Curtain","recent release"
"Anonymous Human","recent release"
"Goldmine Tycoon","long duration films"
"President Bang","long duration films"
"Kick Savannah","long duration films"
"Campus Remember","long duration films"
"Simon North","recent release"
"Crazy Home","long duration films"
"Conspiracy Spirit","recent release"
"Freaky Pocus","recent release"
"Untouchables Sunrise","long duration films"
"Bilko Anonymous","recent release"
"Tomorrow Hustler","long duration films"
"Expendable Stallion","long duration films"
"Hurricane Affair","recent release"
"Butterfly Chocolat","recent release"
"Secrets Paradise","recent release"
"Grit Clockwork","recent release"
"Ace Goldfinger","recent release"
"Frontier Cabin","long duration films"
"Maltese Hope","long duration films"
"Gaslight Crusade","long duration films"
"Robbers Joon","recent release"
"Crooked Frogmen","recent release"
"Citizen Shrek","long duration films"
"Highball Potter","recent release"
"Cause Date","recent release"
"Weekend Personal","long duration films"
"Inch Jet","long duration films"
"Casualties Encino","recent release"
"Jaws Harry","recent release"
"Volcano Texas","long duration films"
"Jedi Beneath","long duration films"
"Darkness War","long duration films"
"Innocent Usual","long duration films"
"Head Stranger","recent release"
"Halloween Nuts","recent release"
"Outbreak Divine","long duration films"
"Apocalypse Flamingos","long duration films"
"Story Side","recent release"
"Airport Pollock","recent release"
"Floats Garden","long duration films"
"Mallrats United","recent release"
"Open African","long duration films"
"National Story","long duration films"
"Patient Sister","recent release"
"Arabia Dogma","recent release"
"Eagles Panky","long duration films"
"Elephant Trojan","recent release"
"Private Drop","long duration films"
"Anonymous Human","long duration films"
"Wild Apollo","recent release"
"Bucket Brotherhood","long duration films"
"Kissing Dolls","long duration films"
"Dragonfly Strangers","long duration films"
"Tourist Pelican","recent release"
"Blanket Beverly","recent release"
"Wonderland Christmas","recent release"
"Dying Maker","long duration films"
"Sky Miracle","long duration films"
"Mystic Truman","recent release"
"Virgin Daisy","long duration films"
"Life Twisted","long duration films"
"Fatal Haunted","long duration films"
"Tracy Cider","recent release"
"Evolution Alter","recent release"
"Hawk Chill","recent release"
"Dazed Punk","long duration films"
"Mile Mulan","recent release"
"Hunchback Impossible","long duration films"
"Informer Double","recent release"
"Gunfight Moon","recent release"
"Titans Jerk","recent release"
"Divine Resurrection","recent release"
"Roof Champion","recent release"
"Jacket Frisco","recent release"
"Goldmine Tycoon","recent release"
"Tomorrow Hustler","recent release"
"Chicago North","recent release"
"Titans Jerk","long duration films"
"Expendable Stallion","recent release"
"Mixed Doors","recent release"
"Hyde Doctor","recent release"
"Lights Deer","long duration films"
"Fire Wolves","recent release"
"Stallion Sundance","long duration films"
"Dwarfs Alter","long duration films"
"Full Flatliners","recent release"
"Wonderful Drop","long duration films"
"Closer Bang","recent release"
"Coneheads Smoochy","long duration films"
"Muscle Bright","recent release"
"Bear Graceland","long duration films"
"Alone Trip","recent release"
"African Egg","recent release"
"Flying Hook","recent release"
"Hunter Alter","long duration films"
"Hollywood Anonymous","recent release"
"Opposite Necklace","long duration films"
"Sassy Packer","long duration films"
"Deceiver Betrayed","long duration films"
"Jet Neighbors","recent release"
"Sense Greek","recent release"
"Braveheart Human","recent release"
"Wagon Jaws","long duration films"
"Worst Banger","long duration films"
"Effect Gladiator","long duration films"
"Horn Working","long duration films"
"Baby Hall","recent release"
"Hollow Jeopardy","long duration films"
"Escape Metropolis","long duration films"
"Indian Love","long duration films"
"Movie Shakespeare","recent release"
"Rider Caddyshack","long duration films"
"Bound Cheaper","long duration films"
"Ballroom Mockingbird","recent release"
"Wonderful Drop","recent release"
"Voice Peach","recent release"
"Breakfast Goldfinger","long duration films"
"Cleopatra Devil","recent release"
"Sting Personal","long duration films"
"League Hellfighters","long duration films"
"Jericho Mulan","long duration films"
"Samurai Lion","recent release"
"Lost Bird","recent release"
"Carol Texas","recent release"
"Japanese Run","recent release"
"Disturbing Scarface","long duration films"
"River Outlaw","recent release"
"Falcon Volume","recent release"
"Trading Pinocchio","recent release"
"Searchers Wait","long duration films"
"Greedy Roots","long duration films"
"Enough Raging","recent release"
"Rouge Squad","long duration films"
"Cider Desire","recent release"
"Dawn Pond","recent release"
"Secretary Rouge","long duration films"
"Eyes Driving","long duration films"
"Maiden Home","recent release"
"Patton Interview","recent release"
"Smoochy Control","recent release"
"Psycho Shrunk","long duration films"
"Philadelphia Wife","long duration films"
"Empire Malkovich","long duration films"
"Karate Moon","long duration films"
"Wars Pluto","long duration films"
"Homeward Cider","recent release"
"Secretary Rouge","recent release"
"Encounters Curtain","long duration films"
"Darling Breaking","recent release"
"Identity Lover","long duration films"
"Fire Wolves","long duration films"
"Coldblooded Darling","recent release"
"Spinal Rocky","long duration films"
"Gorgeous Bingo","long duration films"
"Dracula Crystal","long duration films"
"Luck Opus","recent release"
"Pirates Roxanne","long duration films"
"Element Freddy","long duration films"
"Armageddon Lost","recent release"
"Malkovich Pet","long duration films"
"Drums Dynamite","recent release"
"Express Lonely","recent release"
"Chainsaw Uptown","long duration films"
"Scissorhands Slums","long duration films"
"Island Exorcist","recent release"
"None Spiking","recent release"
"Boulevard Mob","recent release"
"Rock Instinct","long duration films"
"Strangelove Desire","long duration films"
"Ridgemont Submarine","recent release"
"Fight Jawbreaker","recent release"
"Ark Ridgemont","recent release"
"Wind Phantom","recent release"
"Crowds Telemark","long duration films"
"Doctor Grail","recent release"
"Thief Pelican","recent release"
"Tadpole Park","long duration films"
"Moon Bunch","recent release"
"Behavior Runaway","long duration films"
"Potluck Mixed","long duration films"
"Inch Jet","recent release"
"Extraordinary Conquerer","long duration films"
"Operation Operation","recent release"
"Carrie Bunch","recent release"
"Graffiti Love","long duration films"
"Hope Tootsie","long duration films"
"Desperate Trainspotting","recent release"
"Paris Weekend","long duration films"
"Motions Details","recent release"
"King Evolution","long duration films"
"Requiem Tycoon","recent release"
"Freedom Cleopatra","recent release"
"Maker Gables","long duration films"
"Forrester Comancheros","long duration films"
"Expecations Natural","long duration films"
"Bringing Hysterical","long duration films"
"Crossroads Casualties","recent release"
"Rules Human","recent release"
"West Lion","long duration films"
"Smile Earring","recent release"
"Darn Forrester","long duration films"
"Hanover Galaxy","recent release"
"Speakeasy Date","recent release"
"Vanishing Rocky","recent release"
"Dolls Rage","recent release"
"Santa Paris","recent release"
"Meet Chocolate","recent release"
"Deliverance Mulholland","long duration films"
"Strictly Scarface","long duration films"
"Steers Armageddon","long duration films"
"Artist Coldblooded","long duration films"
"Escape Metropolis","recent release"
"Jekyll Frogmen","recent release"
"Life Twisted","recent release"
"Congeniality Quest","recent release"
"Maiden Home","long duration films"
"Egg Igby","recent release"
"Tracy Cider","long duration films"
"Unfaithful Kill","recent release"
"Diary Panic","recent release"
"Everyone Craft","long duration films"
"Anthem Luke","long duration films"
"Strictly Scarface","recent release"
"Gold River","long duration films"
"Hollow Jeopardy","recent release"
"Saturday Lambs","recent release"
"Musketeers Wait","recent release"
"Runner Madigan","recent release"
"Gladiator Westward","recent release"
"Driving Polish","recent release"
"Nuts Ties","long duration films"
"Range Moonwalker","long duration films"
"Model Fish","recent release"
"Sensibility Rear","recent release"
"Cincinatti Whisperer","long duration films"
"Sabrina Midnight","recent release"
"Early Home","recent release"
"Chaplin License","recent release"
"Fool Mockingbird","recent release"
"Others Soup","long duration films"
"Whisperer Giant","recent release"
"Greek Everyone","recent release"
"Muppet Mile","recent release"
"Rushmore Mermaid","recent release"
"Mask Peach","recent release"
"Hellfighters Sierra","recent release"
"Casper Dragonfly","recent release"
"Monsoon Cause","long duration films"
"Detective Vision","long duration films"
"Day Unfaithful","long duration films"
"Shane Darkness","long duration films"
"Volcano Texas","recent release"
"Natural Stock","recent release"
"Sting Personal","recent release"
"Prix Undefeated","long duration films"
"Soup Wisdom","recent release"
"Lawless Vision","long duration films"
"King Evolution","recent release"
"Spinal Rocky","recent release"
"Harold French","long duration films"
"Confused Candles","recent release"
"Mourning Purple","long duration films"
"Gosford Donnie","recent release"
"Past Suicides","recent release"
"Commandments Express","recent release"
"Right Cranes","long duration films"
"Berets Agent","recent release"
"Runner Madigan","long duration films"
"Carrie Bunch","long duration films"
"Young Language","long duration films"
"Godfather Diary","recent release"
"Wedding Apollo","recent release"
"Volume House","recent release"
"Party Knock","long duration films"
"Witches Panic","long duration films"
"Darko Dorado","recent release"
"Everyone Craft","recent release"
"Durham Panky","recent release"
"Gosford Donnie","long duration films"
"Uprising Uptown","recent release"
"Easy Gladiator","long duration films"
"Breaking Home","recent release"
"Lawless Vision","recent release"
"Records Zorro","recent release"
"Unforgiven Zoolander","long duration films"
"Motions Details","long duration films"
"Encino Elf","recent release"
"Heartbreakers Bright","recent release"
"Destiny Saturday","recent release"
"Teen Apollo","recent release"
"Speed Suit","recent release"
"Neighbors Charade","recent release"
"Gorgeous Bingo","recent release"
"Necklace Outbreak","long duration films"
"Behavior Runaway","recent release"
"Double Wrath","long duration films"
"Honey Ties","recent release"
"Fireball Philadelphia","recent release"
"Racer Egg","long duration films"
"Family Sweet","recent release"
"Caddyshack Jedi","recent release"
"Wardrobe Phantom","recent release"
"Lolita World","recent release"
"Graffiti Love","recent release"
"Tuxedo Mile","long duration films"
"Caper Motions","recent release"
"Beauty Grease","long duration films"
"Clyde Theory","recent release"
"Go Purple","recent release"
"Mars Roman","recent release"
"Heavyweights Beast","recent release"
"Boogie Amelie","long duration films"
"Blade Polish","recent release"
"Alaska Phantom","recent release"
"Celebrity Horn","long duration films"
"Lolita World","long duration films"
"Confused Candles","long duration films"
"Antitrust Tomatoes","recent release"
"Santa Paris","long duration films"
"Lebowski Soldiers","recent release"
"Smoking Barbarella","recent release"
"Mulan Moon","recent release"
"Zorro Ark","recent release"
"Champion Flatliners","recent release"
"Quills Bull","recent release"
"Wash Heavenly","recent release"
"Pride Alamo","recent release"
"Roman Punk","recent release"
"Christmas Moonshine","recent release"
"Outfield Massacre","recent release"
"Entrapment Satisfaction","long duration films"
"Fury Murder","recent release"
"Nightmare Chill","long duration films"
"Chicago North","long duration films"
"Ladybugs Armageddon","long duration films"
"Homeward Cider","long duration films"
"Fiddler Lost","recent release"
"Scorpion Apollo","long duration films"
"Cowboy Doom","long duration films"
"Unbreakable Karate","recent release"
"Music Boondock","recent release"
"Leathernecks Dwarfs","recent release"
"Insider Arizona","recent release"
"Stampede Disturbing","recent release"
"Bird Independence","long duration films"
"Platoon Instinct","recent release"
"Zhivago Core","long duration films"
"Talented Homicide","long duration films"
"Eyes Driving","recent release"
"Amadeus Holy","long duration films"
"Bucket Brotherhood","recent release"
"Turn Star","recent release"
"Ferris Mother","long duration films"
"War Notting","recent release"
"Kane Exorcist","recent release"
"Tequila Past","recent release"
"Orange Grapes","recent release"
"Flight Lies","recent release"
"Minds Truman","recent release"
"Sweet Brotherhood","recent release"
"Fish Opus","long duration films"
"Stock Glass","recent release"
"Money Harold","long duration films"
"Torque Bound","recent release"
"Steel Santa","recent release"
"Crooked Frogmen","long duration films"
"Jumanji Blade","recent release"
"Candles Grapes","long duration films"
"Birdcage Casper","long duration films"
"Expecations Natural","recent release"
"Dumbo Lust","recent release"
"School Jacket","recent release"
"Slipper Fidelity","recent release"
"Massage Image","long duration films"
"Gun Bonnie","recent release"
"Metropolis Coma","recent release"
"Joon Northwest","long duration films"
"Impossible Prejudice","recent release"
"Road Roxanne","long duration films"
"Tights Dawn","recent release"
"Shrunk Divine","recent release"
"Autumn Crow","recent release"
"Theory Mermaid","recent release"
"Disciple Mother","long duration films"
"Chariots Conspiracy","recent release"
"Crow Grease","recent release"
"Saturn Name","long duration films"
"Rings Heartbreakers","recent release"
"Bound Cheaper","recent release"
"Boogie Amelie","recent release"
"Blood Argonauts","recent release"
"Panky Submarine","long duration films"
"Groundhog Uncut","long duration films"
"Spirited Casualties","long duration films"
"Robbery Bright","recent release"
"Show Lord","recent release"
"Rage Games","recent release"
"California Birds","recent release"
"Bride Intrigue","recent release"
"Newsies Story","long duration films"
"Pure Runner","recent release"
"Taxi Kick","recent release"
"Coma Head","recent release"
"Mighty Luck","long duration films"
"Bed Highball","long duration films"
"Harry Idaho","recent release"
"Hocus Frida","long duration films"
"Bull Shawshank","long duration films"
"Opposite Necklace","recent release"
"Coast Rainbow","recent release"
"Waterfront Deliverance","recent release"
"Drifter Commandments","recent release"
"Suicides Silence","long duration films"
"Swarm Gold","recent release"
"Elf Murder","recent release"
"Patient Sister","long duration films"
"Right Cranes","recent release"
"Lies Treatment","recent release"
"Insects Stone","long duration films"
"Canyon Stock","recent release"
"Shrek License","recent release"
"Paradise Sabrina","recent release"
"Holocaust Highball","recent release"
"Pacific Amistad","long duration films"
"Wisdom Worker","long duration films"
"Sierra Divide","long duration films"
"Glass Dying","long duration films"
"Reap Unfaithful","long duration films"
"Twisted Pirates","recent release"
"Wonderland Christmas","long duration films"
"Stage World","recent release"
"Jungle Closer","recent release"
"Hills Neighbors","recent release"
"Devil Desire","recent release"
"Love Suicides","long duration films"
"Sweethearts Suspects","long duration films"
"Edge Kissing","recent release"
"Translation Summer","long duration films"
"Hobbit Alien","long duration films"
"Fish Opus","recent release"
"Potter Connecticut","long duration films"
"Mine Titans","recent release"
"Translation Summer","recent release"
"Alaska Phantom","long duration films"
"Fireball Philadelphia","long duration films"
"Badman Dawn","long duration films"
"Holes Brannigan","recent release"
"Maguire Apache","recent release"
"Beauty Grease","recent release"
"Stagecoach Armageddon","long duration films"
"Ferris Mother","recent release"
"Tenenbaums Command","recent release"
"Kentuckian Giant","recent release"
"Sugar Wonka","long duration films"
"Sensibility Rear","long duration films"
"Empire Malkovich","recent release"
"Matrix Snowman","recent release"
"Holes Brannigan","long duration films"
"Tights Dawn","long duration films"
"Joon Northwest","recent release"
"Opus Ice","recent release"
"Sister Freddy","recent release"
"Duffel Apocalypse","recent release"
"Connecticut Tramp","long duration films"
"Cider Desire","long duration films"
"Brotherhood Blanket","recent release"
"Idols Snatchers","recent release"
"Lucky Flying","long duration films"
"Jacket Frisco","long duration films"
"Mighty Luck","recent release"
"Tenenbaums Command","long duration films"
"Bunch Minds","recent release"
"Crossroads Casualties","long duration films"
"Temple Attraction","recent release"
"Polish Brooklyn","recent release"
"Haunting Pianist","recent release"
"American Circus","long duration films"
"Cabin Flash","recent release"
"Searchers Wait","recent release"
"Cat Coneheads","long duration films"
"Frogmen Breaking","recent release"
"Barefoot Manchurian","long duration films"
"Caribbean Liberty","long duration films"
"Queen Luke","recent release"
"Dances None","recent release"
"Super Wyoming","recent release"
"Center Dinosaur","recent release"
"Shepherd Midsummer","long duration films"
"Flight Lies","long duration films"
"Chamber Italian","long duration films"
"Gladiator Westward","long duration films"
"Chisum Behavior","long duration films"
"Newton Labyrinth","recent release"
"Alien Center","recent release"
"Roof Champion","long duration films"
"Watership Frontier","recent release"
"Tarzan Videotape","long duration films"
"Run Pacific","long duration films"
"Basic Easy","recent release"
"Telemark Heartbreakers","long duration films"
"Legally Secretary","long duration films"
"Jason Trap","recent release"
"Eve Resurrection","recent release"
"Bear Graceland","recent release"
"Vacation Boondock","long duration films"
"Enemy Odds","recent release"
"Roses Treasure","long duration films"
"Casualties Encino","long duration films"
"Rush Goodfellas","recent release"
"Drop Waterfront","long duration films"
"Forrest Sons","recent release"
"Cruelty Unforgiven","recent release"
"Truman Crazy","recent release"
"Queen Luke","long duration films"
"Jade Bunch","long duration films"
"Liberty Magnificent","recent release"
"Order Betrayed","long duration films"
"Armageddon Lost","long duration films"
"Rocketeer Mother","recent release"
"Homicide Peach","recent release"
"Hysterical Grail","recent release"
"Invasion Cyclone","recent release"
"Grapes Fury","recent release"
"Antitrust Tomatoes","long duration films"
"Speed Suit","long duration films"
"Command Darling","long duration films"
"Date Speed","recent release"
"Odds Boogie","recent release"
"Soldiers Evolution","recent release"
"Jerk Paycheck","recent release"
"Suspects Quills","recent release"
"Spy Mile","long duration films"
"Pelican Comforts","recent release"
"Sister Freddy","long duration films"
"Kiss Glory","long duration films"
"Clones Pinocchio","recent release"
"Pajama Jawbreaker","long duration films"
"Chill Luck","long duration films"
"Cranes Reservoir","recent release"
"Happiness United","long duration films"
"Sabrina Midnight","long duration films"
"Gun Bonnie","long duration films"
"Tomatoes Hellfighters","recent release"
"Airplane Sierra","recent release"
"Scalawag Duck","long duration films"
"Jumanji Blade","long duration films"
"Adaptation Holes","recent release"
"Academy Dinosaur","recent release"
"Affair Prejudice","recent release"
"Donnie Alley","recent release"
"Sassy Packer","recent release"
"Rollercoaster Bringing","recent release"
"Hunter Alter","recent release"
"Madigan Dorado","long duration films"
"Earth Vision","recent release"
"Gables Metropolis","long duration films"
"Divine Resurrection","long duration films"
"Liaisons Sweet","recent release"
"Splash Gump","recent release"
"Groove Fiction","recent release"
"Murder Antitrust","recent release"
"Superfly Trip","recent release"
"Doubtfire Labyrinth","long duration films"
"Beach Heartbreakers","long duration films"
"Thief Pelican","long duration films"
"Memento Zoolander","recent release"
"Reef Salute","long duration films"
"Vision Torque","recent release"
